epoch,acc,loss,val_acc,val_loss
0,0.51738524,0.6990862933916243,0.65,0.6784833139843411
